"","latitude","longitude","stopName","stopID","maxLat","minLat","maxLon","minLon"
"1",40.799494,-73.968308,"103rd St",22,40.801294,40.797694,-73.966508,-73.970108
"2",40.790697,-73.947472,"103rd St",120,40.792497,40.788897,-73.945672,-73.949272
"3",40.749804,-73.862436,"103rd St",173,40.751604,40.748004,-73.860636,-73.864236
"4",40.796185,-73.961448,"103rd St",191,40.797985,40.794385,-73.959648,-73.963248
"5",40.694955,-73.844727,"104-102nd Sts",327,40.696755,40.693155,-73.842927,-73.846527
"6",40.681701,-73.838032,"104th St",238,40.683501,40.679901,-73.836232,-73.839832
"7",40.795213,-73.944126,"110th St",121,40.797013,40.793413,-73.942326,-73.945926
"8",40.799098,-73.951899,"110th St-Central Park N",39,40.800898,40.797298,-73.950099,-73.953699
"9",40.75161,-73.855211,"111st St",174,40.75341,40.74981,-73.853411,-73.857011
"10",40.684071,-73.832541,"111st St",239,40.685871,40.682271,-73.830741,-73.834341
"11",40.69725,-73.836895,"111st St",328,40.69905,40.69545,-73.835095,-73.838695
"12",40.802443,-73.94947,"116th St",40,40.804243,40.800643,-73.94767,-73.95127
"13",40.798721,-73.941619,"116th St",122,40.800521,40.796921,-73.939819,-73.943419
"14",40.805088,-73.954872,"116th St",193,40.806888,40.803288,-73.953072,-73.956672
"15",40.807928,-73.963919,"116th St-Columbia Univ",24,40.809728,40.806128,-73.962119,-73.965719
"16",40.700342,-73.828714,"121st St",329,40.702142,40.698542,-73.826914,-73.830514
"17",40.815636,-73.958296,"125th St",25,40.817436,40.813836,-73.956496,-73.960096
"18",40.807885,-73.94545,"125th St",41,40.809685,40.806085,-73.94365,-73.94725
"19",40.804402,-73.937492,"125th St",123,40.806202,40.802602,-73.935692,-73.939292
"20",40.811296,-73.9522,"125th St",194,40.813096,40.809496,-73.9504,-73.954
"21",40.814148,-73.940877,"135th St",42,40.815948,40.812348,-73.939077,-73.942677
"22",40.817941,-73.947618,"135th St",195,40.819741,40.816141,-73.945818,-73.949418
"23",40.821459,-73.954062,"137th St",26,40.823259,40.819659,-73.952262,-73.955862
"24",40.813367,-73.930042,"138th St-Grand Concourse",124,40.815167,40.811567,-73.928242,-73.931842
"25",40.826606,-73.950331,"145th St",27,40.828406,40.824806,-73.948531,-73.952131
"26",40.820501,-73.936284,"145th St",43,40.822301,40.818701,-73.934484,-73.938084
"27",40.82498,-73.944056,"145th St",196,40.82678,40.82318,-73.942256,-73.945856
"28",40.823832,-73.936207,"148th St",44,40.825632,40.822032,-73.934407,-73.938007
"29",40.818433,-73.927439,"149th St-Grand Concourse",125,40.820233,40.816633,-73.925639,-73.929239
"30",40.818484,-73.926989,"149th St-Grand Concourse",45,40.820284,40.816684,-73.925189,-73.928789
"31",40.73865,-73.995862,"14th St-6-7th Aves",293,40.74045,40.73685,-73.994062,-73.997662
"32",40.74536,-73.998488,"14th St-8th Ave",182,40.74716,40.74356,-73.996688,-74.000288
"33",40.830335,-73.937979,"155th St",205,40.832135,40.828535,-73.936179,-73.939779
"34",40.830874,-73.941342,"155th St",197,40.832674,40.829074,-73.939542,-73.943142
"35",40.834143,-73.944819,"157th St",28,40.835943,40.832343,-73.943019,-73.946619
"36",40.660786,-73.980044,"15th St",342,40.662586,40.658986,-73.978244,-73.981844
"37",40.828127,-73.925904,"161st St-Yankee Stadium",126,40.829927,40.826327,-73.924104,-73.927704
"38",40.836164,-73.939974,"163rd St",198,40.837964,40.834364,-73.938174,-73.941774
"39",40.835704,-73.921244,"167th St",127,40.837504,40.833904,-73.919444,-73.923044
"40",40.834004,-73.918225,"167th St",207,40.835804,40.832204,-73.916425,-73.920025
"41",40.840926,-73.939507,"168th St-Broadway",199,40.842726,40.839126,-73.937707,-73.941307
"42",40.710468,-73.793563,"169th St",276,40.712268,40.708668,-73.791763,-73.795363
"43",40.840153,-73.917655,"170th St",128,40.841953,40.838353,-73.915855,-73.919455
"44",40.839435,-73.913304,"170th St",208,40.841235,40.837635,-73.911504,-73.915104
"45",40.845689,-73.910383,"174-175th Sts",209,40.847489,40.843889,-73.908583,-73.912183
"46",40.837393,-73.887711,"174th St-Southern Blvd",52,40.839193,40.835593,-73.885911,-73.889511
"47",40.847652,-73.939612,"175th St",200,40.849452,40.845852,-73.937812,-73.941412
"48",40.84857,-73.911638,"176th St",130,40.85037,40.84677,-73.909838,-73.913438
"49",40.712598,-73.783972,"179th St",277,40.714398,40.710798,-73.782172,-73.785772
"50",40.849884,-73.933276,"181st St",30,40.851684,40.848084,-73.931476,-73.935076
"51",40.852128,-73.937812,"181st St",201,40.853928,40.850328,-73.936012,-73.939612
"52",40.856355,-73.900565,"182-183rd Sts",211,40.858155,40.854555,-73.898765,-73.902365
"53",40.858698,-73.9037,"183rd St",132,40.860498,40.856898,-73.9019,-73.9055
"54",40.629751,-73.977035,"18th Ave",346,40.631551,40.627951,-73.975235,-73.978835
"55",40.608011,-74.001721,"18th Ave",419,40.609811,40.606211,-73.999921,-74.003521
"56",40.620709,-73.990533,"18th Ave",427,40.622509,40.618909,-73.988733,-73.992333
"57",40.741029,-73.997814,"18th St-7th Ave",10,40.742829,40.739229,-73.996014,-73.999614
"58",40.858841,-73.934339,"190th St",202,40.860641,40.857041,-73.932539,-73.936139
"59",40.855574,-73.929116,"191st St",31,40.857374,40.853774,-73.927316,-73.930916
"60",40.731336,-73.982536,"1st Ave-14th St",441,40.733136,40.729536,-73.980736,-73.984336
"61",40.875014,-73.87943,"205th St",215,40.876814,40.873214,-73.87763,-73.88123
"62",40.86507,-73.918415,"207th St",33,40.86687,40.86327,-73.916615,-73.920215
"63",40.868108,-73.919736,"207th St-Washington Hts",204,40.869908,40.866308,-73.917936,-73.921536
"64",40.604688,-73.998422,"20th Ave",420,40.606488,40.602888,-73.996622,-74.000222
"65",40.617441,-73.985014,"20th Ave",428,40.619241,40.615641,-73.983214,-73.986814
"66",40.869555,-73.915163,"215th St",34,40.871355,40.867755,-73.913363,-73.916963
"67",40.883528,-73.862756,"219th St",60,40.885328,40.881728,-73.860956,-73.864556
"68",40.743741,-73.949454,"21st St (Van Alst)",288,40.745541,40.741941,-73.947654,-73.951254
"69",40.753621,-73.942198,"21st St-Queensbridge",466,40.755421,40.751821,-73.940398,-73.943998
"70",40.874634,-73.909629,"225th St",35,40.876434,40.872834,-73.907829,-73.911429
"71",40.888227,-73.860216,"225th St",61,40.890027,40.886427,-73.858416,-73.862016
"72",40.878977,-73.90476,"231st St",36,40.880777,40.877177,-73.90296,-73.90656
"73",40.893302,-73.857375,"233rd St",62,40.895102,40.891502,-73.855575,-73.859175
"74",40.885019,-73.90069,"238th St",37,40.886819,40.883219,-73.89889,-73.90249
"75",40.898417,-73.854239,"238th St",63,40.900217,40.896617,-73.852439,-73.856039
"76",40.742939,-73.99281,"23rd St-6th Ave",294,40.744739,40.741139,-73.99101,-73.99461
"77",40.744118,-73.99559,"23rd St-7th Ave",11,40.745918,40.742318,-73.99379,-73.99739
"78",40.741065,-74.001525,"23rd St-8th Ave",181,40.742865,40.739265,-73.999725,-74.003325
"79",40.741399,-73.989253,"23rd St-Broadway",368,40.743199,40.739599,-73.987453,-73.991053
"80",40.746635,-73.945156,"23rd St-Ely Ave-Court Sq",161,40.748435,40.744835,-73.943356,-73.946956
"81",40.747467,-73.945571,"23rd St-Ely Ave-Court Sq",257,40.749267,40.745667,-73.943771,-73.947371
"82",40.740185,-73.986365,"23rd St-Park Ave S",110,40.741985,40.738385,-73.984565,-73.988165
"83",40.903401,-73.850398,"241st St",64,40.905201,40.901601,-73.848598,-73.852198
"84",40.889438,-73.898408,"242nd St",38,40.891238,40.887638,-73.896608,-73.900208
"85",40.597869,-73.986911,"25th Ave",422,40.599669,40.596069,-73.985111,-73.988711
"86",40.660282,-73.998106,"25th St",403,40.662082,40.658482,-73.996306,-73.999906
"87",40.747181,-73.993321,"28th St-7th Ave",12,40.748981,40.745381,-73.991521,-73.995121
"88",40.74538,-73.988663,"28th St-Broadway",367,40.74718,40.74358,-73.986863,-73.990463
"89",40.743335,-73.984055,"28th St-Park Ave S",111,40.745135,40.741535,-73.982255,-73.985855
"90",40.723418,-73.990255,"2nd Ave-Houston St",299,40.725218,40.721618,-73.988455,-73.992055
"91",40.766503,-73.921395,"30th Ave",358,40.768303,40.764703,-73.919595,-73.923195
"92",40.744368,-73.930814,"33rd St",163,40.746168,40.742568,-73.929014,-73.932614
"93",40.746415,-73.981829,"33rd St-Park Ave",112,40.748215,40.744615,-73.980029,-73.983629
"94",40.749824,-73.98777,"34th St-6th Ave",295,40.751624,40.748024,-73.98597,-73.98957
"95",40.750868,-73.990645,"34th St-7th Ave",13,40.752668,40.749068,-73.988845,-73.992445
"96",40.752195,-73.993472,"34th St-8th Ave",183,40.753995,40.750395,-73.991672,-73.995272
"97",40.756616,-73.929445,"36th Ave",356,40.758416,40.754816,-73.927645,-73.931245
"98",40.751834,-73.928692,"36th St",259,40.753634,40.750034,-73.926892,-73.930492
"99",40.655104,-74.00358,"36th St",404,40.656904,40.653304,-74.00178,-74.00538
"100",40.752571,-73.932712,"39 Ave",355,40.754371,40.750771,-73.930912,-73.934512
"101",40.810529,-73.926275,"3rd Ave-138th St",138,40.812329,40.808729,-73.924475,-73.928075
"102",40.816144,-73.917895,"3rd Ave-149th St",46,40.817944,40.814344,-73.916095,-73.919695
"103",40.733312,-73.987154,"3rd Ave-14th St",440,40.735112,40.731512,-73.985354,-73.988954
"104",40.743629,-73.923925,"40th St",164,40.745429,40.741829,-73.922125,-73.925725
"105",40.753944,-73.982109,"42nd St-5th Ave-6th Ave",157,40.755744,40.752144,-73.980309,-73.983909
"106",40.754227,-73.984614,"42nd St-5th Ave-6th Ave",296,40.756027,40.752427,-73.982814,-73.986414
"107",40.64887,-74.010136,"45th St",405,40.65067,40.64707,-74.008336,-74.011936
"108",40.742952,-73.918321,"46th St",165,40.744752,40.741152,-73.916521,-73.920121
"109",40.75625,-73.913036,"46th St",261,40.75805,40.75445,-73.911236,-73.914836
"110",40.758629,-73.981273,"47-50th Sts-Rockefeller Center",297,40.760429,40.756829,-73.979473,-73.983073
"111",40.759812,-73.984143,"49th St-7th Ave",364,40.761612,40.758012,-73.982343,-73.985943
"112",40.636174,-73.994781,"50th St",414,40.637974,40.634374,-73.992981,-73.996581
"113",40.762597,-73.985815,"50th St-8th Ave",185,40.764397,40.760797,-73.984015,-73.987615
"114",40.761783,-73.983822,"50th St-Broadway",15,40.763583,40.759983,-73.982022,-73.985622
"115",40.743977,-73.912347,"52nd St",166,40.745777,40.742177,-73.910547,-73.914147
"116",40.645101,-74.0141,"53rd St",406,40.646901,40.643301,-74.0123,-74.0159
"117",40.631579,-73.995423,"55th St",415,40.633379,40.629779,-73.993623,-73.997223
"118",40.764026,-73.977391,"57th St-6th Ave",298,40.765826,40.762226,-73.975591,-73.979191
"119",40.764632,-73.98066,"57th St-7th Ave",363,40.766432,40.762832,-73.97886,-73.98246
"120",40.641269,-74.018086,"59th St",407,40.643069,40.639469,-74.016286,-74.019886
"121",40.768044,-73.981955,"59th St-Columbus Circle",16,40.769844,40.766244,-73.980155,-73.983755
"122",40.762573,-73.967905,"59th St-Lexington Ave",115,40.764373,40.760773,-73.966105,-73.969705
"123",40.762783,-73.96753,"59th St-Lexington Ave",361,40.764583,40.760983,-73.96573,-73.96933
"124",40.760425,-73.975806,"5th Ave-53rd St",255,40.762225,40.758625,-73.974006,-73.977606
"125",40.764955,-73.973535,"5th Ave-60th St",362,40.766755,40.763155,-73.971735,-73.975335
"126",40.745402,-73.903138,"61st St",167,40.747202,40.743602,-73.901338,-73.904938
"127",40.729829,-73.861657,"63rd Dr",268,40.731629,40.728029,-73.859857,-73.863457
"128",40.749479,-73.898244,"65th St",263,40.751279,40.747679,-73.896444,-73.900044
"129",40.773463,-73.982193,"66th St",17,40.775263,40.771663,-73.980393,-73.983993
"130",40.726479,-73.852616,"67th Ave",269,40.728279,40.724679,-73.850816,-73.854416
"131",40.768185,-73.963767,"68th St",116,40.769985,40.766385,-73.961967,-73.965567
"132",40.746177,-73.896183,"69th St",168,40.747977,40.744377,-73.894383,-73.897983
"133",40.721609,-73.844778,"71-Continental Aves",270,40.723409,40.719809,-73.842978,-73.846578
"134",40.619721,-73.998813,"71st St",417,40.621521,40.617921,-73.997013,-74.000613
"135",40.778666,-73.981876,"72nd St",18,40.780466,40.776866,-73.980076,-73.983676
"136",40.776213,-73.975972,"72nd St",187,40.778013,40.774413,-73.974172,-73.977772
"137",40.746686,-73.891274,"74th St-Roosevelt Ave",169,40.748486,40.744886,-73.889474,-73.893074
"138",40.718357,-73.83737,"75th Ave",271,40.720157,40.716557,-73.83557,-73.83917
"139",40.773671,-73.959876,"77th St",117,40.775471,40.771871,-73.958076,-73.961676
"140",40.629647,-74.025652,"77th St",409,40.631447,40.627847,-74.023852,-74.027452
"141",40.783831,-73.980098,"79th St",19,40.785631,40.782031,-73.978298,-73.981898
"142",40.613394,-74.000626,"79th St",418,40.615194,40.611594,-73.998826,-74.002426
"143",40.666149,-73.980021,"7th Ave",341,40.667949,40.664349,-73.978221,-73.981821
"144",40.677142,-73.972585,"7th Ave",381,40.678942,40.675342,-73.970785,-73.974385
"145",40.762953,-73.981892,"7th Ave-53rd St",254,40.764753,40.761153,-73.980092,-73.983692
"146",40.679152,-73.859205,"80th St",235,40.680952,40.677352,-73.857405,-73.861005
"147",40.781504,-73.97225,"81st St",188,40.783304,40.779704,-73.97045,-73.97405
"148",40.747419,-73.883573,"82nd St-Jackson Hts",170,40.749219,40.745619,-73.881773,-73.885373
"149",40.788606,-73.976203,"86th St",20,40.790406,40.786806,-73.974403,-73.978003
"150",40.779526,-73.955514,"86th St",118,40.781326,40.777726,-73.953714,-73.957314
"151",40.785936,-73.968978,"86th St",189,40.787736,40.784136,-73.967178,-73.970778
"152",40.592795,-73.978246,"86th St",432,40.594595,40.590995,-73.976446,-73.980046
"153",40.622467,-74.02855,"86th St",410,40.624267,40.620667,-74.02675,-74.03035
"154",40.679662,-73.851705,"88th St",236,40.681462,40.677862,-73.849905,-73.853505
"155",40.634999,-74.011586,"8th Ave",424,40.636799,40.633199,-74.009786,-74.013386
"156",40.730611,-73.992404,"8th St-Broadway",370,40.732411,40.728811,-73.990604,-73.994204
"157",40.646092,-73.994779,"9 Ave",412,40.647892,40.644292,-73.992979,-73.996579
"158",40.748383,-73.876395,"90th St-Elmhurst Ave",171,40.750183,40.746583,-73.874595,-73.878195
"159",40.616621,-74.030851,"95th St",411,40.618421,40.614821,-74.029051,-74.032651
"160",40.793966,-73.97224,"96th St",21,40.795766,40.792166,-73.97044,-73.97404
"161",40.785867,-73.95091,"96th St",119,40.787667,40.784067,-73.94911,-73.95271
"162",40.791715,-73.964717,"96th St",190,40.793515,40.789915,-73.962917,-73.966517
"163",40.670931,-73.988213,"9th St-4 Ave",401,40.672731,40.669131,-73.986413,-73.990013
"164",40.676974,-73.898995,"Alabama Ave",319,40.678774,40.675174,-73.897195,-73.900795
"165",40.865437,-73.867379,"Allerton Ave",57,40.867237,40.863637,-73.865579,-73.869179
"166",40.667763,-73.834175,"Aqueduct-North Conduit Ave",241,40.669563,40.665963,-73.832375,-73.835975
"167",40.730634,-73.990565,"Astor Place",108,40.732434,40.728834,-73.988765,-73.992365
"168",40.769964,-73.917363,"Astoria Blvd",359,40.771764,40.768164,-73.915563,-73.919163
"169",40.675356,-73.903277,"Atlantic Ave",455,40.677156,40.673556,-73.901477,-73.905077
"170",40.684495,-73.97684,"Atlantic Ave-Pacific St",380,40.686295,40.682695,-73.97504,-73.97864
"171",40.629256,-73.961779,"Ave H",388,40.631056,40.627456,-73.959979,-73.963579
"172",40.625373,-73.976192,"Ave I",347,40.627173,40.623573,-73.974392,-73.977992
"173",40.624723,-73.960863,"Ave J",389,40.626523,40.622923,-73.959063,-73.962663
"174",40.617638,-73.959544,"Ave M",390,40.619438,40.615838,-73.957744,-73.961344
"175",40.614662,-73.974168,"Ave N",349,40.616462,40.612862,-73.972368,-73.975968
"176",40.608892,-73.973102,"Ave P",350,40.610692,40.607092,-73.971302,-73.974902
"177",40.596256,-73.973299,"Ave U",352,40.598056,40.594456,-73.971499,-73.975099
"178",40.597635,-73.979258,"Ave U",431,40.599435,40.595835,-73.977458,-73.981058
"179",40.599619,-73.956077,"Ave U",392,40.601419,40.597819,-73.954277,-73.957877
"180",40.589402,-73.97417,"Ave X",353,40.591202,40.587602,-73.97237,-73.97597
"181",40.588922,-73.98361,"Bay 50th St",423,40.590722,40.587122,-73.98181,-73.98541
"182",40.601967,-73.993859,"Bay Pkwy",421,40.603767,40.600167,-73.992059,-73.995659
"183",40.611826,-73.982077,"Bay Pkwy",429,40.613626,40.610026,-73.980277,-73.983877
"184",40.620983,-73.975315,"Bay Pkwy-22nd Ave",348,40.622783,40.619183,-73.973515,-73.977115
"185",40.634878,-74.023489,"Bay Ridge Ave",408,40.636678,40.633078,-74.021689,-74.025289
"186",40.878721,-73.838557,"Baychester Ave",67,40.880521,40.876921,-73.836757,-73.840357
"187",40.583238,-73.827484,"Beach 105th St",252,40.585038,40.581438,-73.825684,-73.829284
"188",40.599934,-73.761451,"Beach 25th St",248,40.601734,40.598134,-73.759651,-73.763251
"189",40.59536,-73.768139,"Beach 36th St",247,40.59716,40.59356,-73.766339,-73.769939
"190",40.593003,-73.775843,"Beach 44th St",246,40.594803,40.591203,-73.774043,-73.777643
"191",40.592447,-73.788457,"Beach 60th St",245,40.594247,40.590647,-73.786657,-73.790257
"192",40.590899,-73.79661,"Beach 67th St",244,40.592699,40.589099,-73.79481,-73.79841
"193",40.588064,-73.813436,"Beach 90th St",250,40.589864,40.586264,-73.811636,-73.815236
"194",40.58525,-73.820323,"Beach 98th St",251,40.58705,40.58345,-73.818523,-73.822123
"195",40.717247,-73.956738,"Bedford Ave",442,40.719047,40.715447,-73.954938,-73.958538
"196",40.873311,-73.890693,"Bedford Park Blvd",135,40.875111,40.871511,-73.888893,-73.892493
"197",40.872964,-73.887288,"Bedford Park Blvd",214,40.874764,40.871164,-73.885488,-73.889088
"198",40.689616,-73.953507,"Bedford-Nostrand Aves",281,40.691416,40.687816,-73.951707,-73.955307
"199",40.6808,-73.975069,"Bergen St",77,40.6826,40.679,-73.973269,-73.976869
"200",40.686025,-73.990721,"Bergen St",337,40.687825,40.684225,-73.988921,-73.992521
"201",40.645297,-73.948861,"Beverley Rd",95,40.647097,40.643497,-73.947061,-73.950661
"202",40.644163,-73.964444,"Beverley Rd",385,40.645963,40.642363,-73.962644,-73.966244
"203",40.669879,-73.959352,"Botanic Garden",433,40.671679,40.668079,-73.957552,-73.961152
"204",40.720312,-73.994024,"Bowery",307,40.722112,40.718512,-73.992224,-73.995824
"205",40.705078,-74.013934,"Bowling Green",101,40.706878,40.703278,-74.012134,-74.015734
"206",40.577717,-73.960939,"Brighton Beach",395,40.579517,40.575917,-73.959139,-73.962739
"207",40.608085,-73.815542,"Broad Channel",243,40.609885,40.606285,-73.813742,-73.817342
"208",40.707147,-74.010716,"Broad St",303,40.708947,40.705347,-74.008916,-74.012516
"209",40.706182,-73.950257,"Broadway",284,40.707982,40.704382,-73.948457,-73.952057
"210",40.761397,-73.925439,"Broadway",357,40.763197,40.759597,-73.923639,-73.927239
"211",40.849322,-73.868832,"Bronx Park East",55,40.851122,40.847522,-73.867032,-73.870632
"212",40.80754,-73.919257,"Brook Ave",139,40.80934,40.80574,-73.917457,-73.921057
"213",40.846756,-73.832613,"Buhre Ave",154,40.848556,40.844956,-73.830813,-73.834413
"214",40.871413,-73.867147,"Burke Ave",58,40.873213,40.869613,-73.865347,-73.868947
"215",40.853836,-73.907312,"Burnside Ave",131,40.855636,40.852036,-73.905512,-73.909112
"216",40.682968,-73.905283,"Bushwick Ave",453,40.684768,40.681168,-73.903483,-73.907083
"217",40.725913,-73.996357,"Bway-Lafayette St-Bleecker St",291,40.727713,40.724113,-73.994557,-73.998157
"218",40.72631,-73.99435,"Bway-Lafayette St-Bleecker St",107,40.72811,40.72451,-73.99255,-73.99615
"219",40.721342,-74.005294,"Canal-Church Sts",178,40.723142,40.719542,-74.003494,-74.007094
"220",40.72317,-74.006179,"Canal-Varick Sts",6,40.72497,40.72137,-74.004379,-74.007979
"221",40.680186,-73.994907,"Carroll St",338,40.681986,40.678386,-73.993107,-73.996707
"222",40.834203,-73.851501,"Castle Hill Ave",150,40.836003,40.832403,-73.849701,-73.853301
"223",40.804109,-73.966742,"Cathedral Pkwy",23,40.805909,40.802309,-73.964942,-73.968542
"224",40.800591,-73.958153,"Cathedral Pkwy",192,40.802391,40.798791,-73.956353,-73.959953
"225",40.697873,-73.927706,"Central Ave",330,40.699673,40.696073,-73.925906,-73.929506
"226",40.716005,-74.008796,"Chambers St-W Broadway",4,40.717805,40.714205,-74.006996,-74.010596
"227",40.713556,-74.004153,"Chambers-Brooklyn Bridge",104,40.715356,40.711756,-74.002353,-74.005953
"228",40.713888,-74.003384,"Chambers-Brooklyn Bridge",305,40.715688,40.712088,-74.001584,-74.005184
"229",40.714629,-74.00815,"Chambers-World Trade Ctr-Park Pl",216,40.716429,40.712829,-74.00635,-74.00995
"230",40.682905,-73.910456,"Chauncey St",317,40.684705,40.681105,-73.908656,-73.912256
"231",40.734074,-74.002529,"Christopher St",8,40.735874,40.732274,-74.000729,-74.004329
"232",40.650817,-73.949581,"Church Ave",94,40.652617,40.649017,-73.947781,-73.951381
"233",40.644355,-73.979696,"Church Ave",344,40.646155,40.642555,-73.977896,-73.981496
"234",40.650511,-73.962888,"Church Ave",384,40.652311,40.648711,-73.961088,-73.964688
"235",40.71361,-74.006724,"City Hall-Broadway",373,40.71541,40.71181,-74.004924,-74.008524
"236",40.69745,-73.992984,"Clark St",72,40.69925,40.69565,-73.991184,-73.994784
"237",40.688865,-73.959987,"Classon Ave",280,40.690665,40.687065,-73.958187,-73.961787
"238",40.679814,-73.88493,"Cleveland St",320,40.681614,40.678014,-73.88313,-73.88673
"239",40.683335,-73.964704,"Clinton-Washington Aves",222,40.685135,40.681535,-73.962904,-73.966504
"240",40.68808,-73.966855,"Clinton-Washington Aves",279,40.68988,40.68628,-73.965055,-73.968655
"241",40.640853,-73.963821,"Cortelyou Rd",386,40.642653,40.639053,-73.962021,-73.965621
"242",40.712165,-74.012134,"Cortlandt St-Greenwich St",3,40.713965,40.710365,-74.010334,-74.013934
"243",40.711018,-74.01077,"Cortlandt St-Trinity Pl",374,40.712818,40.709218,-74.00897,-74.01257
"244",40.693781,-73.99058,"Court St-Borough Hall",377,40.695581,40.691981,-73.98878,-73.99238
"245",40.6923,-73.989485,"Court St-Borough Hall",100,40.6941,40.6905,-73.987685,-73.991285
"246",40.68312,-73.873928,"Crescent St",322,40.68492,40.68132,-73.872128,-73.875728
"247",40.805481,-73.914272,"Cypress Ave",140,40.807281,40.803681,-73.912472,-73.916072
"248",40.689806,-73.87317,"Cypress Hills",323,40.691606,40.688006,-73.87137,-73.87497
"249",40.703864,-73.918439,"DeKalb Ave",449,40.705664,40.702064,-73.916639,-73.920239
"250",40.68985,-73.981266,"DeKalb Ave",379,40.69165,40.68805,-73.979466,-73.983066
"251",40.718542,-73.988197,"Delancey-Essex Sts",300,40.720342,40.716742,-73.986397,-73.989997
"252",40.774874,-73.911427,"Ditmars Blvd",360,40.776674,40.773074,-73.909627,-73.913227
"253",40.63609,-73.978245,"Ditmas Ave",345,40.63789,40.63429,-73.976445,-73.980045
"254",40.861564,-73.924766,"Dyckman St",32,40.863364,40.859764,-73.922966,-73.926566
"255",40.865502,-73.927262,"Dyckman St-200th St",203,40.867302,40.863702,-73.925462,-73.929062
"256",40.888595,-73.831306,"Dyre Ave-233rd St",68,40.890395,40.886795,-73.829506,-73.833106
"257",40.650841,-73.899865,"E 105th St",459,40.652641,40.649041,-73.898065,-73.901665
"258",40.808695,-73.907658,"E 143rd St",141,40.810495,40.806895,-73.905858,-73.909458
"259",40.812192,-73.904059,"E 149th St",142,40.813992,40.810392,-73.902259,-73.905859
"260",40.833073,-73.86153,"E 177th St-Parkchester",149,40.834873,40.831273,-73.85973,-73.86333
"261",40.841876,-73.873761,"E 180th St",54,40.843676,40.840076,-73.871961,-73.875561
"262",40.677992,-73.905935,"E New York-Eastern Pkwy",229,40.679792,40.676192,-73.904135,-73.907735
"263",40.840579,-73.879751,"E Tremont Ave",53,40.842379,40.838779,-73.877951,-73.881551
"264",40.714409,-73.990219,"East Broadway",301,40.716209,40.712609,-73.988419,-73.992019
"265",40.672148,-73.964659,"Eastern Pkwy",79,40.673948,40.670348,-73.962859,-73.966459
"266",40.828576,-73.879497,"Elder Ave",146,40.830376,40.826776,-73.877697,-73.881297
"267",40.691321,-73.867226,"Elderts Lane",324,40.693121,40.689521,-73.865426,-73.869026
"268",40.742328,-73.881804,"Elmhurst Ave",265,40.744128,40.740528,-73.880004,-73.883604
"269",40.675275,-73.872409,"Euclid Ave",233,40.677075,40.673475,-73.870609,-73.874209
"270",40.603992,-73.755358,"Far Rockaway-Mott Ave",249,40.605792,40.602192,-73.753558,-73.757158
"271",40.632918,-73.947595,"Flatbush Ave",97,40.634718,40.631118,-73.945795,-73.949395
"272",40.700582,-73.950288,"Flushing Ave",283,40.702382,40.698782,-73.948488,-73.952088
"273",40.700267,-73.941009,"Flushing Ave",312,40.702067,40.698467,-73.939209,-73.942809
"274",40.862742,-73.901089,"Fordham Rd",133,40.864542,40.860942,-73.899289,-73.902889
"275",40.861326,-73.897692,"Fordham Rd",212,40.863126,40.859526,-73.895892,-73.899492
"276",40.704341,-73.903111,"Forest Ave",334,40.706141,40.702541,-73.901311,-73.904911
"277",40.692293,-73.860423,"Forest Pkwy",325,40.694093,40.690493,-73.858623,-73.862223
"278",40.681496,-73.957209,"Franklin Ave",223,40.683296,40.679696,-73.955409,-73.959009
"279",40.719775,-74.006824,"Franklin St",5,40.721575,40.717975,-74.005024,-74.008624
"280",40.830485,-73.891822,"Freeman St",51,40.832285,40.828685,-73.890022,-73.893622
"281",40.706193,-73.896089,"Fresh Pond Rd",335,40.707993,40.704393,-73.894289,-73.897889
"282",40.650862,-73.975569,"Ft Hamilton Pkwy",343,40.652662,40.649062,-73.973769,-73.977369
"283",40.640935,-73.994327,"Ft Hamilton Pkwy",413,40.642735,40.639135,-73.992527,-73.996127
"284",40.631482,-74.005379,"Ft Hamilton Pkwy",425,40.633282,40.629682,-74.003579,-74.007179
"285",40.687289,-73.974837,"Fulton St",278,40.689089,40.685489,-73.973037,-73.976637
"286",40.710582,-74.007387,"Fulton St-Broadway-Nassau",304,40.712382,40.708782,-74.005587,-74.009187
"287",40.689449,-73.922059,"Gates Ave",315,40.691249,40.687649,-73.920259,-73.923859
"288",40.714581,-73.943744,"Graham Ave",444,40.716381,40.712781,-73.941944,-73.945544
"289",40.675307,-73.971028,"Grand Army Plaza",78,40.677107,40.673507,-73.969228,-73.972828
"290",40.737252,-73.877179,"Grand Ave",266,40.739052,40.735452,-73.875379,-73.878979
"291",40.752956,-73.979218,"Grand Central",99,40.754756,40.751156,-73.977418,-73.981018
"292",40.711971,-73.94067,"Grand St",445,40.713771,40.710171,-73.93887,-73.94247
"293",40.719105,-73.993342,"Grand St",290,40.720905,40.717305,-73.991542,-73.995142
"294",40.676879,-73.86546,"Grant Ave",234,40.678679,40.675079,-73.86366,-73.86726
"295",40.731553,-73.95447,"Greenpoint Ave",287,40.733353,40.729753,-73.95267,-73.95627
"296",40.877868,-73.865919,"Gun Hill Rd",59,40.879668,40.876068,-73.864119,-73.867719
"297",40.869162,-73.846463,"Gun Hill Rd",66,40.870962,40.867362,-73.844663,-73.848263
"298",40.686396,-73.916644,"Halsey St",316,40.688196,40.684596,-73.914844,-73.918444
"299",40.695699,-73.904262,"Halsey St",451,40.697499,40.693899,-73.902462,-73.906062
"300",40.706804,-73.9532,"Hewes St",310,40.708604,40.705004,-73.9514,-73.955
"301",40.699094,-73.990383,"High St",218,40.700894,40.697294,-73.988583,-73.992183
"302",40.728602,-74.005329,"Houston St",7,40.730402,40.726802,-74.003529,-74.007129
"303",40.660403,-73.830446,"Howard Beach",242,40.662203,40.658603,-73.828646,-73.832246
"304",40.690358,-73.984572,"Hoyt St",74,40.692158,40.688558,-73.982772,-73.986372
"305",40.688488,-73.984831,"Hoyt-Schermerhorn Sts",220,40.690288,40.686688,-73.983031,-73.986631
"306",40.742068,-73.948928,"Hunters Pt Ave",160,40.743868,40.740268,-73.947128,-73.950728
"307",40.820957,-73.891288,"Hunts Pt Ave",144,40.822757,40.819157,-73.889488,-73.893088
"308",40.82213,-73.896834,"Intervale Ave",49,40.82393,40.82033,-73.895034,-73.898634
"309",40.816525,-73.907731,"Jackson Ave",47,40.818325,40.814725,-73.905931,-73.909531
"310",40.702263,-73.801037,"Jamaica Center",463,40.704063,40.700463,-73.799237,-73.802837
"311",40.702465,-73.817079,"Jamaica-Van Wyck",461,40.704265,40.700665,-73.815279,-73.818879
"312",40.6927,-73.98727,"Jay St",219,40.6945,40.6909,-73.98547,-73.98907
"313",40.706559,-73.922537,"Jefferson St",448,40.708359,40.704759,-73.920737,-73.924337
"314",40.749087,-73.869446,"Junction Blvd",172,40.750887,40.747287,-73.867646,-73.871246
"315",40.663394,-73.902654,"Junius St",87,40.665194,40.661594,-73.900854,-73.904454
"316",40.603439,-73.972369,"Kings Highway",351,40.605239,40.601639,-73.970569,-73.974169
"317",40.604358,-73.980581,"Kings Highway",430,40.606158,40.602558,-73.978781,-73.982381
"318",40.608755,-73.957795,"Kings Highway",391,40.610555,40.606955,-73.955995,-73.959595
"319",40.868047,-73.896916,"Kingsbridge Rd",134,40.869847,40.866247,-73.895116,-73.898716
"320",40.867177,-73.893565,"Kingsbridge Rd",213,40.868977,40.865377,-73.891765,-73.895365
"321",40.669321,-73.942045,"Kingston Ave",82,40.671121,40.667521,-73.940245,-73.943845
"322",40.679807,-73.940584,"Kingston-Throop Aves",225,40.681607,40.678007,-73.938784,-73.942384
"323",40.698755,-73.918852,"Knickerbocker Ave",331,40.700555,40.696955,-73.917052,-73.920652
"324",40.69328,-73.928643,"Kosciusko St",314,40.69508,40.69148,-73.926843,-73.930443
"325",40.686045,-73.9738,"Lafayette Ave",221,40.687845,40.684245,-73.972,-73.9756
"326",40.692191,-73.986201,"Lawrence St",378,40.693991,40.690391,-73.984401,-73.988001
"327",40.685701,-73.826148,"Lefferts Blvd",240,40.687501,40.683901,-73.824348,-73.827948
"328",40.75713,-73.971903,"Lexington-3rd Aves-51st St",114,40.75893,40.75533,-73.970103,-73.973703
"329",40.757661,-73.969345,"Lexington-3rd Aves-51st St",256,40.759461,40.755861,-73.967545,-73.971145
"330",40.674639,-73.896906,"Liberty Ave",230,40.676439,40.672839,-73.895106,-73.898706
"331",40.663777,-73.900841,"Livonia Ave",457,40.665577,40.661977,-73.899041,-73.902641
"332",40.81632,-73.896191,"Longwood Ave",143,40.81812,40.81452,-73.894391,-73.897991
"333",40.703835,-73.947257,"Lorimer St",311,40.705635,40.702035,-73.945457,-73.949057
"334",40.759429,-73.829937,"Main St",176,40.761229,40.757629,-73.828137,-73.831737
"335",40.708476,-73.957754,"Marcy Ave",309,40.710276,40.706676,-73.955954,-73.959554
"336",40.711741,-73.889023,"Metropolitan Ave",336,40.713541,40.709941,-73.887223,-73.890823
"337",40.712932,-73.951451,"Metropolitan Ave-Lorimer St",285,40.714732,40.711132,-73.949651,-73.953251
"338",40.714086,-73.949923,"Metropolitan Ave-Lorimer St",443,40.715886,40.712286,-73.948123,-73.951723
"339",40.843945,-73.83623,"Middletown Rd",153,40.845745,40.842145,-73.83443,-73.83803
"340",40.70767,-73.939817,"Montrose Ave",446,40.70947,40.70587,-73.938017,-73.941617
"341",40.706151,-73.932799,"Morgan Ave",447,40.707951,40.704351,-73.930999,-73.934599
"342",40.854456,-73.860542,"Morris Park",65,40.856256,40.852656,-73.858742,-73.862342
"343",40.82952,-73.874589,"Morrison-Soundview Aves",147,40.83132,40.82772,-73.872789,-73.876389
"344",40.879704,-73.884703,"Mosholu Pkwy",136,40.881504,40.877904,-73.882903,-73.886503
"345",40.844318,-73.914715,"Mt Eden Ave",129,40.846118,40.842518,-73.912915,-73.916515
"346",40.697203,-73.935504,"Myrtle Ave",313,40.699003,40.695403,-73.933704,-73.937304
"347",40.694649,-73.949041,"Myrtle-Willoughby Aves",282,40.696449,40.692849,-73.947241,-73.950841
"348",40.69955,-73.911056,"Myrtle-Wyckoff Aves",450,40.70135,40.69775,-73.909256,-73.912856
"349",40.724555,-73.951219,"Nassau Ave",286,40.726355,40.722755,-73.949419,-73.953019
"350",40.595545,-73.955274,"Neck Rd",393,40.597345,40.593745,-73.953474,-73.957074
"351",40.579977,-73.974625,"Neptune Ave-Van Sicklen",354,40.581777,40.578177,-73.972825,-73.976425
"352",40.688192,-73.980456,"Nevins St",75,40.689992,40.686392,-73.978656,-73.982256
"353",40.666178,-73.884332,"New Lots Ave",90,40.667978,40.664378,-73.882532,-73.886132
"354",40.658934,-73.899611,"New Lots Ave",458,40.660734,40.657134,-73.897811,-73.901411
"355",40.625085,-73.996753,"New Utrecht Ave-62nd St",426,40.626885,40.623285,-73.994953,-73.998553
"356",40.639992,-73.948419,"Newkirk Ave",96,40.641792,40.638192,-73.946619,-73.950219
"357",40.635299,-73.962818,"Newkirk Ave",387,40.637099,40.633499,-73.961018,-73.964618
"358",40.752664,-73.905683,"Northern Blvd",262,40.754464,40.750864,-73.903883,-73.907483
"359",40.681323,-73.880213,"Norwood Ave",321,40.683123,40.679523,-73.878413,-73.882013
"360",40.669797,-73.950356,"Nostrand Ave",81,40.671597,40.667997,-73.948556,-73.952156
"361",40.680497,-73.955769,"Nostrand Ave",436,40.682297,40.678697,-73.953969,-73.957569
"362",40.680385,-73.949605,"Nostrand Ave",224,40.682185,40.678585,-73.947805,-73.951405
"363",40.576349,-73.968089,"Ocean Pkwy",396,40.578149,40.574549,-73.966289,-73.969889
"364",40.674835,-73.95752,"Park Place",434,40.676635,40.673035,-73.95572,-73.95932
"365",40.655116,-73.961465,"Parkside Ave",383,40.656916,40.653316,-73.959665,-73.963265
"366",40.707567,-73.803322,"Parsons Blvd",275,40.709367,40.705767,-73.801522,-73.805122
"367",40.852745,-73.827398,"Pelham Bay Park",155,40.854545,40.850945,-73.825598,-73.829198
"368",40.857194,-73.867581,"Pelham Pkwy",56,40.858994,40.855394,-73.865781,-73.869381
"369",40.664503,-73.89536,"Pennsylvania Ave",88,40.666303,40.662703,-73.89356,-73.89716
"370",40.667862,-73.950662,"President St",91,40.669662,40.666062,-73.948862,-73.952462
"371",40.724854,-73.997275,"Prince St",371,40.726654,40.723054,-73.995475,-73.999075
"372",40.819697,-73.901612,"Prospect Ave",48,40.821497,40.817897,-73.899812,-73.903412
"373",40.665343,-73.992715,"Prospect Ave",402,40.667143,40.663543,-73.990915,-73.994515
"374",40.661342,-73.96203,"Prospect Park",382,40.663142,40.659542,-73.96023,-73.96383
"375",40.748741,-73.93699,"Queens Plaza",258,40.750541,40.746941,-73.93519,-73.93879
"376",40.750486,-73.940117,"Queensboro Plaza",162,40.752286,40.748686,-73.938317,-73.941917
"377",40.678784,-73.920833,"Ralph Ave",227,40.680584,40.676984,-73.919033,-73.922633
"378",40.707964,-74.013562,"Rector St-Greenwich St",2,40.709764,40.706164,-74.011762,-74.015362
"379",40.707795,-74.012894,"Rector St-Trinity Pl",375,40.709595,40.705995,-74.011094,-74.014694
"380",40.662408,-73.909201,"Rockaway Ave",86,40.664208,40.660608,-73.907401,-73.911001
"381",40.678273,-73.912056,"Rockaway Ave",228,40.680073,40.676473,-73.910256,-73.913856
"382",40.680266,-73.844235,"Rockaway Blvd",237,40.682066,40.678466,-73.842435,-73.846035
"383",40.580745,-73.835479,"Rockaway Park-Beach 116th St",253,40.582545,40.578945,-73.833679,-73.837279
"384",40.646827,-73.902293,"Rockaway Pkwy",460,40.648627,40.645027,-73.900493,-73.904093
"385",40.759198,-73.953033,"Roosevelt Island",465,40.760998,40.757398,-73.951233,-73.954833
"386",40.661348,-73.916655,"Saratoga Ave",85,40.663148,40.659548,-73.914855,-73.918455
"387",40.702817,-73.907675,"Seneca Ave",333,40.704617,40.701017,-73.905875,-73.909475
"388",40.58713,-73.953779,"Sheepshead Bay",394,40.58893,40.58533,-73.951979,-73.955579
"389",40.674037,-73.881158,"Shepherd Ave",232,40.675837,40.672237,-73.879358,-73.882958
"390",40.824157,-73.892888,"Simpson St",50,40.825957,40.822357,-73.891088,-73.894688
"391",40.674,-73.997251,"Smith-9th Sts",339,40.6758,40.6722,-73.995451,-73.999051
"392",40.701322,-74.013882,"South Ferry",1,40.703122,40.699522,-74.012082,-74.015682
"393",40.72682,-74.003563,"Spring St-6th Ave",179,40.72862,40.72502,-74.001763,-74.005363
"394",40.722318,-73.997117,"Spring St-Lafayette St",106,40.724118,40.720518,-73.995317,-73.998917
"395",40.831373,-73.868101,"St Lawrence Ave",148,40.833173,40.829573,-73.866301,-73.869901
"396",40.756736,-73.92016,"Steinway St",260,40.758536,40.754936,-73.91836,-73.92196
"397",40.662713,-73.950677,"Sterling St",92,40.664513,40.660913,-73.948877,-73.952477
"398",40.57694,-73.980594,"Stillwell Ave",398,40.57874,40.57514,-73.978794,-73.982394
"399",40.705321,-73.810955,"Sutphin Blvd",274,40.707121,40.703521,-73.809155,-73.812755
"400",40.700565,-73.8081,"Sutphin Blvd-Archer Ave",462,40.702365,40.698765,-73.8063,-73.8099
"401",40.664696,-73.922528,"Sutter Ave",84,40.666496,40.662896,-73.920728,-73.924328
"402",40.669155,-73.902258,"Sutter Ave",456,40.670955,40.667355,-73.900458,-73.904058
"403",40.757191,-73.989801,"Times Square-42nd St-8th Ave",184,40.758991,40.755391,-73.988001,-73.991601
"404",40.850568,-73.905022,"Tremont Ave",210,40.852368,40.848768,-73.903222,-73.906822
"405",40.735301,-73.989929,"Union Square",109,40.737101,40.733501,-73.988129,-73.991729
"406",40.677406,-73.983042,"Union St",400,40.679206,40.675606,-73.981242,-73.984842
"407",40.714207,-73.830912,"Union Turnpike",272,40.716007,40.712407,-73.829112,-73.832712
"408",40.668846,-73.932368,"Utica Ave",83,40.670646,40.667046,-73.930568,-73.934168
"409",40.679301,-73.930073,"Utica Ave",226,40.681101,40.677501,-73.928273,-73.931873
"410",40.665326,-73.889659,"Van Siclen Ave",89,40.667126,40.663526,-73.887859,-73.891459
"411",40.672596,-73.890631,"Van Siclen Ave",231,40.674396,40.670796,-73.888831,-73.892431
"412",40.709329,-73.821015,"Van Wyck Blvd",273,40.711129,40.707529,-73.819215,-73.822815
"413",40.74247,-73.952763,"Vernon-Jackson Aves",159,40.74427,40.74067,-73.950963,-73.954563
"414",40.73292,-74.000075,"W 4th St",180,40.73472,40.73112,-73.998275,-74.001875
"415",40.575926,-73.975439,"W 8th St",397,40.577726,40.574126,-73.973639,-73.977239
"416",40.708307,-74.011243,"Wall St-Broadway",102,40.710107,40.706507,-74.009443,-74.013043
"417",40.707011,-74.008961,"Wall St-William St",71,40.708811,40.705211,-74.007161,-74.010761
"418",40.839805,-73.843058,"Westchester Square",152,40.841605,40.838005,-73.841258,-73.844858
"419",40.703153,-74.012999,"Whitehall St",376,40.704953,40.701353,-74.011199,-74.014799
"420",40.826797,-73.886009,"Whitlock Rd",145,40.828597,40.824997,-73.884209,-73.887809
"421",40.754388,-73.84586,"Willets Pt",175,40.756188,40.752588,-73.84406,-73.84766
"422",40.689013,-73.904283,"Wilson Ave",452,40.690813,40.687213,-73.902483,-73.906083
"423",40.656712,-73.95021,"Winthrop St",93,40.658512,40.654912,-73.94841,-73.95201
"424",40.733127,-73.869568,"Woodhaven Blvd",267,40.734927,40.731327,-73.867768,-73.871368
"425",40.693641,-73.852072,"Woodhaven Blvd",326,40.695441,40.691841,-73.850272,-73.853872
"426",40.886345,-73.878444,"Woodlawn",137,40.888145,40.884545,-73.876644,-73.880244
"427",40.700059,-73.986667,"York St",302,40.701859,40.698259,-73.984867,-73.988467
"428",40.836381,-73.847072,"Zerega Ave",151,40.838181,40.834581,-73.845272,-73.848872
